COD FISCAL,COD SIIIR,COD SIIIR SUP,COD SIRUES,SIRUTA LOC SUP,SIRUTA LOCALITATE,cod,judet,lat,lon,nr,nume,nume_ascii,oras,str,wikidata,
,5162102649,5161100077,,179962,105847,5162102649,CĂLĂRAŞI,,,,GRADINITA PROG. NORMAL NR.1 GALBINASI,GRADINITA PROG NORMAL NR 1 GALBINASI,GĂLBINAŞI,,,
,5162102233,5161103573,,93085,93094,5162102233,CĂLĂRAŞI,,,,GRADINITA CU PROGRAM NORMAL NR.4 CIOCANESTI,GRADINITA CU PROGRAM NORMAL NR 4 CIOCANESTI,CIOCĂNEŞTI,,,
24146306,5161100787,,3711026,92587,92596,5161100787,CĂLĂRAŞI,,,35,"""GRADINITA CU PROGRAM PRELUNGIT """" BROTACEL"""" MODELU""",GRADINITA CU PROGRAM PRELUNGIT BROTACEL MODELU,MODELU,PRELUNGIREA CALARASI,,
,5162102916,5161101006,,93888,93913,5162102916,CĂLĂRAŞI,,,,GRADINITA PROG. NORMAL NR.1 RAZVANI,GRADINITA PROG NORMAL NR 1 RAZVANI,RĂZVANI,,,
,5142100379,5141100714,,92569,92578,5142100379,CĂLĂRAŞI,,,,"""CENTRUL SCOLAR DE ASISTENTA PSIHOPEDAGOGICA SC. GIMNAZIALA ",,"NICOLAE TITULESCU"""" CALARASI""",CENTRUL SCOLAR DE ASISTENTA PSIHOPEDAGOGICA SC GIMNAZIALA NICOLAE TITULESCU CALARASI,CĂLĂRAŞI,NICOLAE TITULESCU
,5162101666,5161101119,,92569,92578,5162101666,CĂLĂRAŞI,,,,SCOALA GIMNAZIALA NR.7 CALARASI,SCOALA GIMNAZIALA NR 7 CALARASI,CĂLĂRAŞI,,,
,5162101508,5161101024,,94125,94134,5162101508,CĂLĂRAŞI,,,,GRADINITA PROGRAM NORMAL NR.1 NICOLAE BALCESCU,GRADINITA PROGRAM NORMAL NR 1 NICOLAE BALCESCU,NICOLAE BĂLCESCU,,,
24157259,5161103519,,1155814,92587,92596,5161103519,CĂLĂRAŞI,,,2,SCOALA GIMNAZIALA NR.2 MODELU,SCOALA GIMNAZIALA NR 2 MODELU,MODELU,AURORA,,
,5142100361,5141100714,,101458,101467,5142100361,CĂLĂRAŞI,,,,"""CENTRUL SCOLAR DE ASISTENTA PSIHOPEDAGOGICA SCOALA GIMNAZIALA """"GHEORGHE MANU"""" BUDESTI""",CENTRUL SCOLAR DE ASISTENTA PSIHOPEDAGOGICA SCOALA GIMNAZIALA GHEORGHE MANU BUDESTI,BUDEŞTI,,,
,5162101155,5161100629,,93931,93940,5162101155,CĂLĂRAŞI,,,,GRADINITA PROG. NORMAL NR.3 LUPSANU,GRADINITA PROG NORMAL NR 3 LUPSANU,LUPŞANU,,,
24120195,5161100995,,539386,94768,94777,5161100995,CĂLĂRAŞI,,,,SCOALA GIMNAZIALA NR.1 VLAD TEPES,SCOALA GIMNAZIALA NR 1 VLAD TEPES,VLAD ŢEPEŞ,,,
,5162102156,5161103501,,101804,101813,5162102156,CĂLĂRAŞI,,,,GRADINITA PROGRAM NORMAL NR.2 CHIRNOGI,GRADINITA PROGRAM NORMAL NR 2 CHIRNOGI,CHIRNOGI,,,
,5162102337,5161100882,,93370,93414,5162102337,CĂLĂRAŞI,,,,GRADINITA PROG. NORMAL NR.3 INFRATIREA,GRADINITA PROG NORMAL NR 3 INFRATIREA,ÎNFRĂŢIREA,,,
,5162102468,5161100905,,102945,102954,5162102468,CĂLĂRAŞI,,,,GRADINITA PROG. NORMAL NR.3 CALNAU,GRADINITA PROG NORMAL NR 3 CALNAU,FRUMUŞANI,,,
,5162103225,5161100561,,105829,105865,5162103225,CĂLĂRAŞI,,,,SCOALA PRIMARA NR.1 POPESTI,SCOALA PRIMARA NR 1 POPESTI,POPEŞTI,,,
,5162102319,5161100882,,93370,93389,5162102319,CĂLĂRAŞI,,,,SCOALA GIMNAZIALA NR.2 DOR MARUNT GARA,SCOALA GIMNAZIALA NR 2 DOR MARUNT GARA,DOR MĂRUNT,,,
,5162101431,5161103451,,92569,92578,5162101431,CĂLĂRAŞI,,,,GRADINITA CU PROGRAM NORMAL NR.12 CALARASI,GRADINITA CU PROGRAM NORMAL NR 12 CALARASI,CĂLĂRAŞI,,,
,5162102432,5161100905,,102945,102963,5162102432,CĂLĂRAŞI,,,,GRADINITA PROG. NORMAL NR.2 ORASTI,GRADINITA PROG NORMAL NR 2 ORASTI,ORĂŞTI,,,
,5162103216,5161101069,,104751,104760,5162103216,CĂLĂRAŞI,,,,GRADINITA PROGRAM NORMAL NR.1 RADOVANU,GRADINITA PROGRAM NORMAL NR 1 RADOVANU,RADOVANU,,,
,5162101942,5161103528,,93771,93806,5162101942,CĂLĂRAŞI,,,,"""GRADINITA PROGRAM NORMAL NR.3 """"DEGETICA"""" VISINI""",GRADINITA PROGRAM NORMAL NR 3 DEGETICA VISINI,VIŞINII,,,
,5162102296,5161101051,,100610,100629,5162102296,CĂLĂRAŞI,,,,GRADINITA PROG. NORMAL NR.2 OLTENITA,GRADINITA PROG NORMAL NR 2 OLTENITA,OLTENIŢA,,,
3797336,5161100891,,1155955,93888,93897,5161100891,CĂLĂRAŞI,,,,SCOALA GIMNAZIALA NR.1 LEHLIU-GARA,SCOALA GIMNAZIALA NR 1 LEHLIU GARA,LEHLIU-GARĂ,VIITOR,,
,5162103098,5161100864,,103032,103041,5162103098,CĂLĂRAŞI,,,,SCOALA GIMNAZIALA NR.1 GOSTILELE,SCOALA GIMNAZIALA NR 1 GOSTILELE,FUNDULEA,,,
24288220,5161100968,,538265,93325,93334,5161100968,CĂLĂRAŞI,,,,SCOALA GIMNAZIALA NR.1 DICHISENI,SCOALA GIMNAZIALA NR 1 DICHISENI,DICHISENI,,,
,5162103193,5161100656,,105455,105473,5162103193,CĂLĂRAŞI,,,,GRADINITA PROG. NORMAL NR.2 CALARETI,GRADINITA PROG NORMAL NR 2 CALARETI,CĂLĂREŢI,,,
23416401,5161103451,,361014,92569,92578,5161103451,CĂLĂRAŞI,,,,"""SCOALA GIMNAZIALA """"TUDOR VLADIMIRESCU"""" CALARASI""",SCOALA GIMNAZIALA TUDOR VLADIMIRESCU CALARASI,CĂLĂRAŞI,"""BELSUGULUI","NR.1""",
23982850,5161100597,,780210,100610,100629,5161100597,CĂLĂRAŞI,,,,GRADINITA CU PROGRAM PRELUNGIT NR.2 OLTENITA,GRADINITA CU PROGRAM PRELUNGIT NR 2 OLTENITA,OLTENIŢA,,,
23537500,5161103537,,539697,92569,92578,5161103537,CĂLĂRAŞI,,,,"""SCOALA GIMNAZIALA """"NICOLAE TITULESCU"""" CALARASI""",SCOALA GIMNAZIALA NICOLAE TITULESCU CALARASI,CĂLĂRAŞI,N.TITULESCU NR.2,,
,5162102355,5161100109,,104181,104216,5162102355,CĂLĂRAŞI,,,,SCOALA GIMNAZIALA NR.2 SULTANA,SCOALA GIMNAZIALA NR 2 SULTANA,SULTANA,,,
,5162102604,5161100941,,103568,103595,5162102604,CĂLĂRAŞI,,,,GRADINITA PROGRAM NORMAL NR.2 COTOFANCA,GRADINITA PROGRAM NORMAL NR 2 COTOFANCA,COŢOFANCA,,,
,5162101951,5161103528,,93771,93799,5162101951,CĂLĂRAŞI,,,,"""GRADINITA PROGRAM NORMAL NR. 2 """"ALBA CA ZAPADA"""" POTCOAVA""",GRADINITA PROGRAM NORMAL NR 2 ALBA CA ZAPADA POTCOAVA,POTCOAVA,,,
,5162102206,5161103496,,94606,94615,5162102206,CĂLĂRAŞI,,,,GRADINITA PROG. NORMAL NR.1 ULMU,GRADINITA PROG NORMAL NR 1 ULMU,ULMU,,,
,5162103008,5161100787,,92587,92596,5162103008,CĂLĂRAŞI,,,,GRADINITA PROG. NORMAL NR.2 MODELU,GRADINITA PROG NORMAL NR 2 MODELU,MODELU,,,
,5162101725,5161100638,,102838,102883,5162101725,CĂLĂRAŞI,,,,GRADINITA PROGRAM NORMAL NR.3 LUPTATORI,GRADINITA PROGRAM NORMAL NR 3 LUPTATORI,LUPTĂTORI,,,
,5162101544,5161100796,,105259,105286,5162101544,CĂLĂRAŞI,,,,GRADINITA PROG NORMAL NR.2 STANCEA,GRADINITA PROG NORMAL NR 2 STANCEA,STANCEA,,,
,5142100257,5141100714,,92569,92578,5142100257,CĂLĂRAŞI,,,,CENTRUL SCOLAR DE ASISTENTA PSIHOPEDAGOGICA INV PRESCOLAR GPN NR.7 CALARASI,CENTRUL SCOLAR DE ASISTENTA PSIHOPEDAGOGICA INV PRESCOLAR GPN NR 7 CALARASI,CĂLĂRAŞI,,,
,5142100275,5141100714,,100610,100629,5142100275,CĂLĂRAŞI,,,,CENTRUL SCOLAR DE ASISTENTA PSIHOPEDAGOGICA SCOALA NR. 3+5 OLTENITA,CENTRUL SCOLAR DE ASISTENTA PSIHOPEDAGOGICA SCOALA NR 3 5 OLTENITA,OLTENIŢA,,,
,5142100352,5141100714,,100610,100629,5142100352,CĂLĂRAŞI,,,,CENTRUL SCOLAR DE ASISTENTA PSIHOPEDAGOGICA - CABINET LOGOPEDIC OLTENITA,CENTRUL SCOLAR DE ASISTENTA PSIHOPEDAGOGICA  CABINET LOGOPEDIC OLTENITA,OLTENIŢA,,,
,5162103234,5161100561,,105829,105838,5162103234,CĂLĂRAŞI,,,,SCOALA PRIMARA NR.2 PROZANIC,SCOALA PRIMARA NR 2 PROZANIC,VASILAŢI,,,
,5142100171,5141100714,,92569,92578,5142100171,CĂLĂRAŞI,,,,CENTRUL SCOLAR DE ASISTENTA PSIHOPEDAGOGICA INVATAMANT PRESCOLAR GPP AMICII CALARASI,CENTRUL SCOLAR DE ASISTENTA PSIHOPEDAGOGICA INVATAMANT PRESCOLAR GPP AMICII CALARASI,CĂLĂRAŞI,,,
3797280,5151100488,,3711105,100610,100629,5151100488,CĂLĂRAŞI,,,,CLUBUL COPIILOR NR.1 OLTENITA,CLUBUL COPIILOR NR 1 OLTENITA,OLTENIŢA,Str. Argesului nr.6C,,
,5162103026,5161100032,,93664,93708,5162103026,CĂLĂRAŞI,,,,GRADINITA CU PROGRAM NORMAL NR.3 RASA,GRADINITA CU PROGRAM NORMAL NR 3 RASA,RASA,,,
24229509,5161100534,,539295,94651,94660,5161100534,CĂLĂRAŞI,,,,SCOALA GIMNAZIALA NR.1 UNIREA,SCOALA GIMNAZIALA NR 1 UNIREA,UNIREA,,,
,5162101707,5161100932,,92569,92578,5162101707,CĂLĂRAŞI,,,,GRADINITA PROGRAM NORMAL NR.3 CALARASI,GRADINITA PROGRAM NORMAL NR 3 CALARASI,CĂLĂRAŞI,N.TITULESCU NR.4,,
,5162101232,5161103582,,92569,92578,5162101232,CĂLĂRAŞI,,,,GRADINITA PROGRAM NORMAL NR.4 CALARASI,GRADINITA PROGRAM NORMAL NR 4 CALARASI,CĂLĂRAŞI,,,
,5162100778,5161100023,538409,93487,93496,5162100778,CĂLĂRAŞI,,,,SCOALA GIMNAZIALA NR.1 DRAGALINA,SCOALA GIMNAZIALA NR 1 DRAGALINA,DRAGALINA,,,
24018218,5161103528,,538631,93771,93780,5161103528,CĂLĂRAŞI,,,,"""SCOALA GIMNAZIALA """"GEORGE VALSAN"""" INDEPENDENTA""",SCOALA GIMNAZIALA GEORGE VALSAN INDEPENDENTA,INDEPENDENŢA,,,
23923110,5161103487,,564977,103764,103773,5161103487,CĂLĂRAŞI,,,,SCOALA GIMNAZIALA NR.1 ILEANA,SCOALA GIMNAZIALA NR 1 ILEANA,ILEANA,,,
,5162102414,5161100905,,102945,102981,5162102414,CĂLĂRAŞI,,,,SCOALA PRIMARA NR.5 PADURISU,SCOALA PRIMARA NR 5 PADURISU,PĂDURIŞU,,,
,5162102554,5161103501,,101804,101813,5162102554,CĂLĂRAŞI,,,,GRADINITA PROGRAM NORMAL NR. 3 CHIRNOGI,GRADINITA PROGRAM NORMAL NR 3 CHIRNOGI,CHIRNOGI,,,
,5162102477,5161100905,,102945,103005,5162102477,CĂLĂRAŞI,,,,GRADINITA PROG .NORMAL NR.6 POSTAVARI,GRADINITA PROG NORMAL NR 6 POSTAVARI,POSTĂVARI,,,
23852974,5161103573,,538033,93085,93094,5161103573,CĂLĂRAŞI,,,,SCOALA GIMNAZIALA NR.1 CIOCANESTI,SCOALA GIMNAZIALA NR 1 CIOCANESTI,CIOCĂNEŞTI,,,
,5162101571,5161100796,,105259,105277,5162101571,CĂLĂRAŞI,,,,GRADINITA CU PROGRAM NORMAL NR.3 CETATEA VECHE,GRADINITA CU PROGRAM NORMAL NR 3 CETATEA VECHE,CETATEA VECHE,,,
23416355,5161100611,,541731,92569,92578,5161100611,CĂLĂRAŞI,,,,"""GRADINITA CU PROGRAM PRELUNGIT """"VOINICEL"""" CALARASI""",GRADINITA CU PROGRAM PRELUNGIT VOINICEL CALARASI,CĂLĂRAŞI,,,
,5162101761,5161100638,,102838,102865,5162101761,CĂLĂRAŞI,,,,GRADINITA PROGRAM NORMAL NR.2 DANESTI,GRADINITA PROGRAM NORMAL NR 2 DANESTI,DĂNEŞTI,,,
,5162102581,5161100941,,103568,103577,5162102581,CĂLĂRAŞI,,,,GRADINITA PROGRAM NORMAL NR.1 GURBANESTI,GRADINITA PROGRAM NORMAL NR 1 GURBANESTI,GURBĂNEŞTI,,,
,5162102052,5161100525,,92961,92970,5162102052,CĂLĂRAŞI,,,,GRADINITA PROG. NORMAL NR.2 BORCEA,GRADINITA PROG NORMAL NR 2 BORCEA,BORCEA,,,
,5162102798,5161103487,,103764,103773,5162102798,CĂLĂRAŞI,,,,SCOALA GIMNAZIALA NR.2 ARTARI,SCOALA GIMNAZIALA NR 2 ARTARI,ILEANA,,,
,5162102907,5161100692,,93815,93824,5162102907,CĂLĂRAŞI,,,,GRADINITA PROGRAM NORMAL NR.1 JEGALIA,GRADINITA PROGRAM NORMAL NR 1 JEGALIA,JEGĂLIA,,,
23901945,5161101069,,566250,104751,104760,5161101069,CĂLĂRAŞI,,,54,"""SCOALA GIMNAZIALA """"DIMITRIE ION GHICA"""" RADOVANU""",SCOALA GIMNAZIALA DIMITRIE ION GHICA RADOVANU,RADOVANU,Principala,,
23772786,5161100588,,538980,94223,94232,5161100588,CĂLĂRAŞI,,,,SCOALA GIMNAZIALA NR.1 PERISORU,SCOALA GIMNAZIALA NR 1 PERISORU,PERIŞORU,,,
,5162103591,5161100968,,93325,93361,5162103591,CĂLĂRAŞI,,,,GRADINITA PROGRAM NORMAL NR.2 SATNOIENI,GRADINITA PROGRAM NORMAL NR 2 SATNOIENI,SATNOENI,,,
27004667,5161200749,,3747583,100610,100629,5161200749,CĂLĂRAŞI,,,,SCOALA POSTLICEALA F.E.G EDUCATION,SCOALA POSTLICEALA F E G EDUCATION,OLTENIŢA,,,
,5162101743,5161100638,,102838,102883,5162101743,CĂLĂRAŞI,,,,SCOALA PRIMARA NR. 1 LUPTATORI,SCOALA PRIMARA NR 1 LUPTATORI,LUPTĂTORI,,,
,5162102572,5161101042,,92569,92578,5162102572,CĂLĂRAŞI,,,98,GRADINITA PROG. NORMAL NR.5 CALARASI,GRADINITA PROG NORMAL NR 5 CALARASI,CĂLĂRAŞI,GRIVITA NR.98,,
3797352,5161103582,,1195216,92569,92578,5161103582,CĂLĂRAŞI,,,,"""GRADINITA CU PROGRAM PRELUNGIT """"STEP BY STEP"""" CALARASI""",GRADINITA CU PROGRAM PRELUNGIT STEP BY STEP CALARASI,CĂLĂRAŞI,,,
,5162101874,5161100855,,101458,101485,5162101874,CĂLĂRAŞI,,,,SCOALA PRIMARA NR. 2 BUCIUMENI,SCOALA PRIMARA NR 2 BUCIUMENI,BUCIUMENI,,,
,5142100248,5141100714,,93487,93496,5142100248,CĂLĂRAŞI,,,,CENTRUL SCOLAR DE ASISTENTA PSIHOPEDAGOGICA SCOALA GIMNAZIALA NR.1 DRAGALINA,CENTRUL SCOLAR DE ASISTENTA PSIHOPEDAGOGICA SCOALA GIMNAZIALA NR 1 DRAGALINA,DRAGALINA,,,
,5162101214,5161100891,,93888,93904,5162101214,CĂLĂRAŞI,,,,GRADINITA PROGRAM NORMAL NR.2 BUZOIENI,GRADINITA PROGRAM NORMAL NR 2 BUZOIENI,BUZOENI,,,
,5142100447,5141100714,,100610,100629,5142100447,CĂLĂRAŞI,,,,"""CENTRUL SCOLAR DE ASISTENTA PSIHOPEDAGOGICA SCOALA GIMNAZIALA """"SPIRU HARET"""" OLTENITA""",CENTRUL SCOLAR DE ASISTENTA PSIHOPEDAGOGICA SCOALA GIMNAZIALA SPIRU HARET OLTENITA,OLTENIŢA,,,
3797271,5161100932,,541511,92569,92578,5161100932,CĂLĂRAŞI,,,,"""GRADINITA CU PROGRAM PRELUNGIT """"AMICII"""" CALARASI""",GRADINITA CU PROGRAM PRELUNGIT AMICII CALARASI,CĂLĂRAŞI,GRADINITEI NR.1,,
,5162101268,5161100516,,105712,105721,5162101268,CĂLĂRAŞI,,,,GRADINITA PROG. NORMAL NR.1 VALEA ARGOVEI,GRADINITA PROG NORMAL NR 1 VALEA ARGOVEI,VALEA ARGOVEI,,,
,5162102685,5161100959,,105605,105614,5162102685,CĂLĂRAŞI,,,,GRADINITA PROG. NORMAL NR.3 ULMENI,GRADINITA PROG NORMAL NR 3 ULMENI,ULMENI,,,
23572915,5161100525,,537948,92961,92970,5161100525,CĂLĂRAŞI,,,,SCOALA GIMNAZIALA NR.2 BORCEA,SCOALA GIMNAZIALA NR 2 BORCEA,BORCEA,,,
,5162102079,5161103392,,101804,101813,5162102079,CĂLĂRAŞI,,,,GRADINITA PROGRAM NORMAL NR.4 CHIRNOGI,GRADINITA PROGRAM NORMAL NR 4 CHIRNOGI,CHIRNOGI,,,
24082431,5161100032,,538540,93664,93673,5161100032,CĂLĂRAŞI,,,,"""LICEUL TEHNOLOGIC """"CONSTANTIN GEORGE CALINESCU"""" GRADISTEA""",LICEUL TEHNOLOGIC CONSTANTIN GEORGE CALINESCU GRADISTEA,GRĂDIŞTEA,,,
,5142100307,5141100714,3747581,92569,92578,5142100307,CĂLĂRAŞI,,,,"""CENTRUL SCOLAR DE ASISTENTA PSIHOPEDAGOGICA LICEUL TEHNOLOGIC """"DAN MATEESCU"""" CALARASI""",CENTRUL SCOLAR DE ASISTENTA PSIHOPEDAGOGICA LICEUL TEHNOLOGIC DAN MATEESCU CALARASI,CĂLĂRAŞI,,,
,5162102278,5161103573,,93085,93094,5162102278,CĂLĂRAŞI,,,,GRADINITA CU PROGRAM NORMAL NR.2 CIOCANESTI,GRADINITA CU PROGRAM NORMAL NR 2 CIOCANESTI,CIOCĂNEŞTI,,,
,5162103329,5161100507,,104341,104350,5162103329,CĂLĂRAŞI,,,,GRADINITA PROGRAM NORMAL NR.1 NICOLAE BALCESCU,GRADINITA PROGRAM NORMAL NR 1 NICOLAE BALCESCU,NICOLAE BĂLCESCU,,,
23627409,5161101042,,541743,92569,92578,5161101042,CĂLĂRAŞI,,,,GRADINITA CU PROGRAM NORMAL NR.10 CALARASI,GRADINITA CU PROGRAM NORMAL NR 10 CALARASI,CĂLĂRAŞI,"""GRIVITA"," NR.343""",
,5162100145,5161100597,,100610,100629,5162100145,CĂLĂRAŞI,,,,GRADINITA PROGRAM PRELUNGIT NR.1 OLTENITA,GRADINITA PROGRAM PRELUNGIT NR 1 OLTENITA,OLTENIŢA,,,
24079568,5161100977,,562802,101083,101092,5161100977,CĂLĂRAŞI,,,,SCOALA GIMNAZIALA NR.1 BELCIUGATELE,SCOALA GIMNAZIALA NR 1 BELCIUGATELE,BELCIUGATELE,,,
24834607,5161100127,,568179,105384,105393,5161100127,CĂLĂRAŞI,,,,"""SCOALA GIMNAZIALA """"CONSTANTIN TEODORESCU"""" SOLDANU""",SCOALA GIMNAZIALA CONSTANTIN TEODORESCU SOLDANU,ŞOLDANU,,,
,5162102242,5161103573,,93085,93094,5162102242,CĂLĂRAŞI,,,,SCOALA PRIMARA NR.1 CIOCANESTI,SCOALA PRIMARA NR 1 CIOCANESTI,CIOCĂNEŞTI,,,
,5162102622,5161103442,,94223,94250,5162102622,CĂLĂRAŞI,,,,GRADINITA PROGRAM NORMAL NR. 2 PERISORU,GRADINITA PROGRAM NORMAL NR 2 PERISORU,TUDOR VLADIMIRESCU,,,
,5162101404,5161103564,,104635,104653,5162101404,CĂLĂRAŞI,,,,GRADINITA PROG. NORMAL NR.2 CUCUIETI,GRADINITA PROG NORMAL NR 2 CUCUIETI,CUCUIEŢI,,,
24127606,5161100014,,564305,103014,103023,5161100014,CĂLĂRAŞI,,,,SCOALA GIMNAZIALA NR.1 FUNDENI,SCOALA GIMNAZIALA NR 1 FUNDENI,FUNDENI,,,
,5162102631,5161100041,,103032,103041,5162102631,CĂLĂRAŞI,,,,GRADINITA PROGRAM PRELUNGIT NR.2 FUNDULEA,GRADINITA PROGRAM PRELUNGIT NR 2 FUNDULEA,FUNDULEA,,,
14839488,5161103469,,568600,100610,100629,5161103469,CĂLĂRAŞI,,,,"""SCOALA GIMNAZIALA """"SPIRU HARET"""" OLTENITA""",SCOALA GIMNAZIALA SPIRU HARET OLTENITA,OLTENIŢA,,,
,5162101924,5161100023,,93487,93511,5162101924,CĂLĂRAŞI,,,,SCOALA GIMNAZIALA NR.1 DRAJNA,SCOALA GIMNAZIALA NR 1 DRAJNA,DRAJNA NOUĂ,,,
,5162101892,5161100855,,101458,101500,5162101892,CĂLĂRAŞI,,,,GRADINITA PROG. NORMAL NR.3 GRUIU,GRADINITA PROG NORMAL NR 3 GRUIU,GRUIU,,,
,5162102495,5161100905,,102945,102954,5162102495,CĂLĂRAŞI,,,,GRADINITA PROG. NORMAL NR.1 FRUMUSANI,GRADINITA PROG NORMAL NR 1 FRUMUSANI,FRUMUŞANI,,,
24803449,5161101006,,538708,93888,93913,5161101006,CĂLĂRAŞI,,,,SCOALA GIMNAZIALA NR.1 RAZVANI,SCOALA GIMNAZIALA NR 1 RAZVANI,RĂZVANI,"""SF CONSTANTIN"," NR. 18""",
,5162101259,5161100516,,105712,105758,5162101259,CĂLĂRAŞI,,,,GRADINITA PROG. NORMAL NR.2 SILISTEA,GRADINITA PROG NORMAL NR 2 SILISTEA,SILIŞTEA,,,
24018234,5161103406,,563325,101822,101831,5161103406,CĂLĂRAŞI,,,,SCOALA GIMNAZIALA NR.1 CHISELET,SCOALA GIMNAZIALA NR 1 CHISELET,CHISELET,,,
,5162102269,5161103573,,93085,93094,5162102269,CĂLĂRAŞI,,,,GRADINITA CU PROGRAM NORMAL NR.3 CIOCANESTI,GRADINITA CU PROGRAM NORMAL NR 3 CIOCANESTI,CIOCĂNEŞTI,,,
19051382,5141100714,,3747574,92569,92578,5141100714,CĂLĂRAŞI,,,,CENTRUL JUDETEAN DE RESURSE SI ASISTENTA EDUCATIONALA CALARASI,CENTRUL JUDETEAN DE RESURSE SI ASISTENTA EDUCATIONALA CALARASI,CĂLĂRAŞI,Str. Bucuresti nr.72,,
24024554,5161100561,,567371,105829,105838,5161100561,CĂLĂRAŞI,,,99,"""SCOALA GIMNAZIALA """"CONSTANTIN BRANCOVEANU"""" VASILATI""",SCOALA GIMNAZIALA CONSTANTIN BRANCOVEANU VASILATI,VASILAŢI,CONSTANTIN BRANCOVEANU,,
24079550,5161100692,,538667,93815,93824,5161100692,CĂLĂRAŞI,,,,SCOALA GIMNAZIALA NR.1 JEGALIA,SCOALA GIMNAZIALA NR 1 JEGALIA,JEGĂLIA,,,
,5162102961,5161100769,,92961,92970,5162102961,CĂLĂRAŞI,,,,GRADINITA PROGRAM NORMAL NR. 3 BORCEA,GRADINITA PROGRAM NORMAL NR 3 BORCEA,BORCEA,,,
,5162102509,5161101087,,100610,100629,5162102509,CĂLĂRAŞI,,,,GRADINITA CU PROGRAM NORMAL NR. 6 OLTENITA,GRADINITA CU PROGRAM NORMAL NR 6 OLTENITA,OLTENIŢA,,,
,5162103103,5161100864,,103032,103041,5162103103,CĂLĂRAŞI,,,,GRADINITA PROG. NORMAL NR. 2 CRANGU,GRADINITA PROG NORMAL NR 2 CRANGU,FUNDULEA,,,
,5162101485,5161103383,,100610,100629,5162101485,CĂLĂRAŞI,,,,GRADINITA PROGRAM NORMAL NR.4 OLTENITA,GRADINITA PROGRAM NORMAL NR 4 OLTENITA,OLTENIŢA,,,
,5162102753,5161103487,,103764,103782,5162102753,CĂLĂRAŞI,,,,GRADINITA PROGRAM NORMAL NR.2 ARTARI,GRADINITA PROGRAM NORMAL NR 2 ARTARI,ARŢARI,,,
,5162101372,5161103564,,104635,104644,5162101372,CĂLĂRAŞI,,,,GRADINITA PROG. NORMAL NR.1 PLATARESTI,GRADINITA PROG NORMAL NR 1 PLATARESTI,PLĂTĂREŞTI,,,
23416380,5161100733,,539726,92569,92578,5161100733,CĂLĂRAŞI,,,189,"""SCOALA GIMNAZIALA """"MIRCEA VODA"""" CALARASI""",SCOALA GIMNAZIALA MIRCEA VODA CALARASI,CĂLĂRAŞI,Prel. Bucuresti,,
,5162102925,5161100873,,180055,101494,5162102925,CĂLĂRAŞI,,,,GRADINITA PROGRAM NORMAL NR.1 CRIVAT,GRADINITA PROGRAM NORMAL NR 1 CRIVAT,CRIVĂŢ,,,
,5162101422,5161103564,,104635,104653,5162101422,CĂLĂRAŞI,,,,SCOALA PRIMARA NR.1 CUCUIETI,SCOALA PRIMARA NR 1 CUCUIETI,CUCUIEŢI,,,
,5162102771,5161103487,,103764,103773,5162102771,CĂLĂRAŞI,,,,SCOALA PRIMARA NR. 2 STEFANESTI,SCOALA PRIMARA NR 2 STEFANESTI,ILEANA,,,
3797247,5161100647,,539879,92569,92578,5161100647,CĂLĂRAŞI,,,36,"""COLEGIUL NATIONAL """"BARBU STIRBEI"""" CALARASI""",COLEGIUL NATIONAL BARBU STIRBEI CALARASI,CĂLĂRAŞI,EROILOR,,
,5162101847,5161100855,,101458,101476,5162101847,CĂLĂRAŞI,,,,GRADINITA PROG. NORMAL NR.2 APROZI,GRADINITA PROG NORMAL NR 2 APROZI,APROZI,,,
,5162103166,5161100656,,105455,105491,5162103166,CĂLĂRAŞI,,,,SCOALA PRIMARA NR.2 PLUMBUITA,SCOALA PRIMARA NR 2 PLUMBUITA,PLUMBUITA,,,
,5162103062,5161100032,,93664,93673,5162103062,CĂLĂRAŞI,,,,GRADINITA PROG. NORMAL NR.1 GRADISTEA,GRADINITA PROG NORMAL NR 1 GRADISTEA,GRĂDIŞTEA,,,
23982826,5161100507,,565828,104341,104350,5161100507,CĂLĂRAŞI,,,,SCOALA GIMNAZIALA NR.1 NICOLAE BALCESCU (PREASNA),SCOALA GIMNAZIALA NR 1 NICOLAE BALCESCU (PREASNA),NICOLAE BĂLCESCU,,,
,5162102943,5161103356,,102419,102428,5162102943,CĂLĂRAŞI,,,,GRADINITA PROG. NORMAL NR.2 CURCANI,GRADINITA PROG NORMAL NR 2 CURCANI,CURCANI,,,
,5162102061,5161103392,,101804,101813,5162102061,CĂLĂRAŞI,,,,GRADINITA PROGRAM NORMAL NR.1 CHIRNOGI,GRADINITA PROGRAM NORMAL NR 1 CHIRNOGI,CHIRNOGI,,,
3796985,5121100464,,3747571,92569,92578,5121100464,CĂLĂRAŞI,,,28,INSPECTORATUL SCOLAR AL JUDETULUI CALARASI,INSPECTORATUL SCOLAR AL JUDETULUI CALARASI,CĂLĂRAŞI,Str. Sloboziei nr. 28,,
3966320,5161100041,,844406,103032,103041,5161100041,CĂLĂRAŞI,,,3,LICEUL TEHNOLOGIC NR.1 FUNDULEA,LICEUL TEHNOLOGIC NR 1 FUNDULEA,FUNDULEA,NICOLAE TITULESCU,,
,5162102676,5161100846,,104083,104092,5162102676,CĂLĂRAŞI,,,,GRADINITA PROGRAM NORMAL NR.1 LUICA,GRADINITA PROGRAM NORMAL NR 1 LUICA,LUICA,,,
,5162103311,5161100665,,93851,93879,5162103311,CĂLĂRAŞI,,,,GRADINITA PROGRAM NORMAL NR.2 SAPUNARI,GRADINITA PROGRAM NORMAL NR 2 SAPUNARI,SĂPUNARI,,,
23982877,5161103501,,420286,101804,101813,5161103501,CĂLĂRAŞI,,,,SCOALA GIMNAZIALA NR.3 CHIRNOGI,SCOALA GIMNAZIALA NR 3 CHIRNOGI,CHIRNOGI,,,
541016,5161103442,,541016,94223,94232,5161103442,CĂLĂRAŞI,,,,GRADINITA CU PROGRAM NORMAL NR.1 PERISORU,GRADINITA CU PROGRAM NORMAL NR 1 PERISORU,PERIŞORU,,,
,5162102346,5161100882,,93370,93389,5162102346,CĂLĂRAŞI,,,,SCOALA PRIMARA NR.1 INFRATIREA,SCOALA PRIMARA NR 1 INFRATIREA,DOR MĂRUNT,,,
,5162102613,5161100837,,94731,94740,5162102613,CĂLĂRAŞI,,,,GRADINITA PROGRAM NORMAL NR.1 VILCELELE,GRADINITA PROGRAM NORMAL NR 1 VILCELELE,VÂLCELELE,,,
,5162102717,5161100959,,105605,105614,5162102717,CĂLĂRAŞI,,,,SCOALA GIMNAZIALA NR. 2 ULMENI,SCOALA GIMNAZIALA NR 2 ULMENI,ULMENI,,,
,5162101526,5161101024,,94125,94143,5162101526,CĂLĂRAŞI,,,,GRADINITA PROGRAM NORMAL NR.2 ALEXANDRU ODOBESCU,GRADINITA PROGRAM NORMAL NR 2 ALEXANDRU ODOBESCU,ALEXANDRU ODOBESCU,,,
,5162101856,5161100855,,101458,101467,5162101856,CĂLĂRAŞI,,,,GRADINITA PROG. NORMAL NR.1 BUDESTI,GRADINITA PROG NORMAL NR 1 BUDESTI,BUDEŞTI,,,
,5142100343,5141100714,,92569,92578,5142100343,CĂLĂRAŞI,,,,"""CENTRUL SCOLAR DE ASISTENTA PSIHOPEDAGOGICA LICEUL """"DANUBIUS"""" CALARASI""",CENTRUL SCOLAR DE ASISTENTA PSIHOPEDAGOGICA LICEUL DANUBIUS CALARASI,CĂLĂRAŞI,,,
,5162101603,5161100706,,104886,104939,5162101603,CĂLĂRAŞI,,,,GRADINITA PROG. NORMAL NR.1 SARULESTI GARA,GRADINITA PROG NORMAL NR 1 SARULESTI GARA,SĂRULEŞTI-GARĂ,,,
,5142100388,5141100714,,92569,92578,5142100388,CĂLĂRAŞI,,,,"""CENTRUL SCOLAR DE ASISTENTA PSIHOPEDAGOGICA SCOALA GIMNAZIALA ",,"MIHAI VITEAZU"""" CALARASI""",CENTRUL SCOLAR DE ASISTENTA PSIHOPEDAGOGICA SCOALA GIMNAZIALA MIHAI VITEAZU CALARASI,CĂLĂRAŞI,PREL.BUCURESTI
23982869,5161103392,,568076,101804,101813,5161103392,CĂLĂRAŞI,,,,SCOALA GIMNAZIALA NR.1 CHIRNOGI,SCOALA GIMNAZIALA NR 1 CHIRNOGI,CHIRNOGI,,,
,5162103148,5161100656,,105455,105516,5162103148,CĂLĂRAŞI,,,,SCOALA PRIMARA NR.3 SEINOIU,SCOALA PRIMARA NR 3 SEINOIU,ŞEINOIU,,,
,5162101173,5161100629,,93931,93959,5162101173,CĂLĂRAŞI,,,,GRADINITA PROG. NORMAL NR.4 NUCETU,GRADINITA PROG NORMAL NR 4 NUCETU,NUCETU,,,
24373465,5161100846,,565440,104083,104092,5161100846,CĂLĂRAŞI,,,,SCOALA GIMNAZIALA NR.1 LUICA,SCOALA GIMNAZIALA NR 1 LUICA,LUICA,,,
,5162102486,5161100905,,102945,102954,5162102486,CĂLĂRAŞI,,,,SCOALA PRIMARA NR. 3 CALNAU,SCOALA PRIMARA NR 3 CALNAU,FRUMUŞANI,,,
,5162103288,5161100588,,94223,94232,5162103288,CĂLĂRAŞI,,,,SCOALA PRIMARA NR.1 PERISORU,SCOALA PRIMARA NR 1 PERISORU,PERIŞORU,,,
,5162103243,5161100561,,105829,105865,5162103243,CĂLĂRAŞI,,,,GRADINITA PROGRAM NORMAL NR.3 POPESTI,GRADINITA PROGRAM NORMAL NR 3 POPESTI,POPEŞTI,,,
,5162102735,5161103487,,103764,103773,5162102735,CĂLĂRAŞI,,,,SCOALA PRIMARA NR.1 FLORICA,SCOALA PRIMARA NR 1 FLORICA,ILEANA,,,
,5162103121,5161100995,,94768,94777,5162103121,CĂLĂRAŞI,,,,GRADINITA PROG. NORMAL NR.1 VLAD TEPES,GRADINITA PROG NORMAL NR 1 VLAD TEPES,VLAD ŢEPEŞ,,,
,5162102097,5161101078,,105222,105231,5162102097,CĂLĂRAŞI,,,,GRADINITA PROG. NORMAL NR.1 SOHATU,GRADINITA PROG NORMAL NR 1 SOHATU,SOHATU,,,
,5162101286,5161100977,,101083,101136,5162101286,CĂLĂRAŞI,,,,GRADINITA PROGRAM NORMAL NR.2 MARIUTA,GRADINITA PROGRAM NORMAL NR 2 MARIUTA,MĂRIUŢA,,,
,5142100334,5141100714,,100610,100629,5142100334,CĂLĂRAŞI,,,,"""CENTRUL SCOLAR DE ASISTENTA PSIHOPEDAGOGICA LICEUL TEHNOLOGIC """"ION GHICA""""OLTENITA""",CENTRUL SCOLAR DE ASISTENTA PSIHOPEDAGOGICA LICEUL TEHNOLOGIC ION GHICAOLTENITA,OLTENIŢA,,,
,5162102997,5161103555,,92569,92578,5162102997,CĂLĂRAŞI,,,,GRADINITA CU PROGRAM NORMAL NR.7 CALARASI,GRADINITA CU PROGRAM NORMAL NR 7 CALARASI,CĂLĂRAŞI,,,
3797301,5181100684,,3711117,92569,92578,5181100684,CĂLĂRAŞI,,,,CLUBUL SPORTIV SCOLAR NR.1 CALARASI,CLUBUL SPORTIV SCOLAR NR 1 CALARASI,CĂLĂRAŞI,B-dul Republicii nr. 39,,
14857093,5161101087,,568648,100610,100629,5161101087,CĂLĂRAŞI,,,17,"""SCOALA GIMNAZIALA """"ALEXANDRU D. GHICA"""" OLTENITA""",SCOALA GIMNAZIALA ALEXANDRU D GHICA OLTENITA,OLTENIŢA,Mihai Eminescu,,
,5142100221,5141100714,,93487,93496,5142100221,CĂLĂRAŞI,,,,"""CENTRUL SCOLAR DE ASISTENTA PSIHOPEDAGOGICA LICEUL TEHNOLOGIC """"DUILIU ZAMFIRESCU"""" DRAGALINA""",CENTRUL SCOLAR DE ASISTENTA PSIHOPEDAGOGICA LICEUL TEHNOLOGIC DUILIU ZAMFIRESCU DRAGALINA,DRAGALINA,,,
3797310,5161100095,,539910,92569,92578,5161100095,CĂLĂRAŞI,,,,"""LICEUL TEORETIC """"MIHAI EMINESCU"""" CALARASI""",LICEUL TEORETIC MIHAI EMINESCU CALARASI,CĂLĂRAŞI,PRELUNGIREA BUCURESTI NR. 8-12,,
,5162102138,5161101015,,93281,93307,5162102138,CĂLĂRAŞI,,,,GRADINITA PROGRAM NORMAL NR.3 CALARASII VECHI,GRADINITA PROGRAM NORMAL NR 3 CALARASII VECHI,CĂLĂRAŞII VECHI,,,
,5162101906,5161100751,,94580,94599,5162101906,CĂLĂRAŞI,,,,GRADINITA PROG. NORMAL NR.1 STEFAN VODA,GRADINITA PROG NORMAL NR 1 STEFAN VODA,ŞTEFAN VODĂ,,,
3797395,5171100064,,1155967,92569,92578,5171100064,CĂLĂRAŞI,,,,PALATUL COPIILOR NR.1 CALARASI,PALATUL COPIILOR NR 1 CALARASI,CĂLĂRAŞI,Str. Baraganului nr. 26,,
,5162101802,5161103406,,101822,101831,5162101802,CĂLĂRAŞI,,,,GRADINITA PROGRAM NORMAL NR.2 DUNAREA,GRADINITA PROGRAM NORMAL NR 2 DUNAREA,CHISELET,,,
,5162102694,5161100959,,105605,105614,5162102694,CĂLĂRAŞI,,,,GRADINITA CU PROGRAM NORMAL NR. 2 ULMENI,GRADINITA CU PROGRAM NORMAL NR 2 ULMENI,ULMENI,,,
14845056,5161103383,,568650,100610,100629,5161103383,CĂLĂRAŞI,,,,"""SCOALA GIMNAZIALA """"ALEXANDRU VLAHUTA"""" OLTENITA""",SCOALA GIMNAZIALA ALEXANDRU VLAHUTA OLTENITA,OLTENIŢA,,,
,5162100154,5161100602,,92569,92578,5162100154,CĂLĂRAŞI,,,,GRADINITA PROGRAM NORMAL NR.1 CALARASI,GRADINITA PROGRAM NORMAL NR 1 CALARASI,CĂLĂRAŞI,STR.DOBROGEI NR.14,,
,5162102129,5161101015,,93281,93290,5162102129,CĂLĂRAŞI,,,,GRADINITA PROGRAM NORMAL NR.2 CEACU,GRADINITA PROGRAM NORMAL NR 2 CEACU,CEACU,,,
,5142100284,5141100714,,100610,100629,5142100284,CĂLĂRAŞI,,,,"""CENTRUL SCOLAR DE ASISTENTA PSIHOPEDAGOGICA LICEUL TEHNOLOGIC ",,"NICOLAE BALCESCU"""" OLTENITA""",CENTRUL SCOLAR DE ASISTENTA PSIHOPEDAGOGICA LICEUL TEHNOLOGIC NICOLAE BALCESCU OLTENITA,OLTENIŢA,PORTULUI
,5162102857,5161100828,,94562,94571,5162102857,CĂLĂRAŞI,,,,GRADINITA PROGRAM NORMAL NR.1 STEFAN CEL MARE,GRADINITA PROGRAM NORMAL NR 1 STEFAN CEL MARE,ŞTEFAN CEL MARE,,,
24469447,5161100638,,564135,102838,102847,5161100638,CĂLĂRAŞI,,,11,SCOALA GIMNAZIALA NR.1 FRASINET,SCOALA GIMNAZIALA NR 1 FRASINET,FRĂSINET,BARAJULUI,,
11385280,5161203639,,3747585,92569,92578,5161203639,CĂLĂRAŞI,,,2,SCOALA POSTLICEALA FEG CALARASI,SCOALA POSTLICEALA FEG CALARASI,CĂLĂRAŞI,NICOLAE TITULESCU,,
3797204,5161100801,,539867,92569,92578,5161100801,CĂLĂRAŞI,,,,COLEGIUL ECONOMIC CALARASI,COLEGIUL ECONOMIC CALARASI,CĂLĂRAŞI,1 DECEMBRIE 1918 NR.88,,
,5162102441,5161100905,,102945,102972,5162102441,CĂLĂRAŞI,,,,GRADINITA PROG .NORMAL NR. 4 PASAREA,GRADINITA PROG NORMAL NR 4 PASAREA,PASĂREA,,,
,5162102111,5161101078,,105222,105240,5162102111,CĂLĂRAŞI,,,,GRADINITA PROG. NORMAL NR.2 PROGRESU,GRADINITA PROG NORMAL NR 2 PROGRESU,PROGRESU,,,
24093074,5161103365,,541107,94312,94321,5161103365,CĂLĂRAŞI,,,2,"""GRADINITA CU PROGRAM NORMAL """" ELISABETA ROSETTI"""" ROSETI""",GRADINITA CU PROGRAM NORMAL ELISABETA ROSETTI ROSETI,ROSEŢI,str. Plaurului,,
,5162102658,5161100846,,104083,104109,5162102658,CĂLĂRAŞI,,,,SCOALA PRIMARA NR.1 VALEA STANII,SCOALA PRIMARA NR 1 VALEA STANII,VALEA STÂNII,,,
23944024,5161100109,,565488,104181,104190,5161100109,CĂLĂRAŞI,,,,"""LICEUL TEHNOLOGIC """"MATEI BASARAB"""" MANASTIREA""",LICEUL TEHNOLOGIC MATEI BASARAB MANASTIREA,MÂNĂSTIREA,,,
24272169,5161101024,,538916,94125,94134,5161101024,CĂLĂRAŞI,,,,SCOALA GIMNAZIALA NR.1 NICOLAE BALCESCU,SCOALA GIMNAZIALA NR 1 NICOLAE BALCESCU,NICOLAE BĂLCESCU,,,
23852990,5161100796,,566339,105259,105268,5161100796,CĂLĂRAŞI,,,,SCOALA GIMNAZIALA NR.2 STANCEA,SCOALA GIMNAZIALA NR 2 STANCEA,SPANŢOV,,,
,5162102224,5161103469,,100610,100629,5162102224,CĂLĂRAŞI,,,,GRADINITA PROG. NORMAL NR.5 OLTENITA,GRADINITA PROG NORMAL NR 5 OLTENITA,OLTENIŢA,MIHAI EMINESCU NR.12,,
,5162102848,5161100014,,103014,103023,5162102848,CĂLĂRAŞI,,,,SCOALA PRIMARA NR.2 FUNDENI,SCOALA PRIMARA NR 2 FUNDENI,FUNDENI,,,
4644764,5161103555,,1181904,92569,92578,5161103555,CĂLĂRAŞI,,,,"""LICEUL """"DANUBIUS"""" CALARASI""",LICEUL DANUBIUS CALARASI,CĂLĂRAŞI,"""BARAGANULUI"," NR.26""",
,5162103017,5161100787,,92587,92596,5162103017,CĂLĂRAŞI,,,2,GRADINITA PROG. NORMAL NR.1 MODELU,GRADINITA PROG NORMAL NR 1 MODELU,MODELU,AURORA,,
,5142100316,5141100714,,103032,103041,5142100316,CĂLĂRAŞI,,,,CENTRUL SCOLAR DE ASISTENTA PSIHOPEDAGOGICA LICEUL TEHNOLOGIC NR1 FUNDULEA,CENTRUL SCOLAR DE ASISTENTA PSIHOPEDAGOGICA LICEUL TEHNOLOGIC NR1 FUNDULEA,FUNDULEA,,,
,5162101517,5161101024,,94125,94152,5162101517,CĂLĂRAŞI,,,,GRADINITA PROGRAM NORMAL NR.3 GALATUI,GRADINITA PROGRAM NORMAL NR 3 GALATUI,GĂLĂŢUI,,,
24558692,5161100941,,564446,103568,103577,5161100941,CĂLĂRAŞI,,,,SCOALA GIMNAZIALA NR.1 GURBANESTI,SCOALA GIMNAZIALA NR 1 GURBANESTI,GURBĂNEŞTI,,,
,5162103261,5161100561,,105829,105856,5162103261,CĂLĂRAŞI,,,,GRADINITA PROGRAM NORMAL NR.2 NUCI,GRADINITA PROGRAM NORMAL NR 2 NUCI,NUCI,,,
,5162101137,5161100629,,93931,93977,5162101137,CĂLĂRAŞI,,,,GRADINITA PROG. NORMAL NR.2 RADU VODA,GRADINITA PROG NORMAL NR 2 RADU VODA,RADU VODĂ,,,
3466367,5161101096,,986694,92569,92578,5161101096,CĂLĂRAŞI,,,,"""LICEUL TEHNOLOGIC """"DAN MATEESCU"""" CALARASI""",LICEUL TEHNOLOGIC DAN MATEESCU CALARASI,CĂLĂRAŞI,str. Prel. Bucuresti nr. 8-12,,
,5142100293,5141100714,,103014,103023,5142100293,CĂLĂRAŞI,,,,CENTRUL SCOLAR DE ASISTENTA PSIHOPEDAGOGICA SCOALA GIMNAZIALA NR1 FUNDENI,CENTRUL SCOLAR DE ASISTENTA PSIHOPEDAGOGICA SCOALA GIMNAZIALA NR1 FUNDENI,FUNDENI,,,
,5162103184,5161100656,,105455,105473,5162103184,CĂLĂRAŞI,,,,SCOALA PRIMARA NR.1 CALARETI,SCOALA PRIMARA NR 1 CALARETI,CĂLĂREŢI,,,
,5162101829,5161100086,,104323,104332,5162101829,CĂLĂRAŞI,,,,GRADINITA PROGRAM NORMAL NR.1 NANA,GRADINITA PROGRAM NORMAL NR 1 NANA,NANA,,,
,5162101675,5161101119,,92569,92578,5162101675,CĂLĂRAŞI,,,,GRADINITA PROGRAM NORMAL NR.2 PRICHINDEL CALARASI,GRADINITA PROGRAM NORMAL NR 2 PRICHINDEL CALARASI,CĂLĂRAŞI,,,
23944032,5161100959,,567204,105605,105614,5161100959,CĂLĂRAŞI,,,,"""SCOALA GIMNAZIALA """"GRIGORE MOISIL"""" ULMENI""",SCOALA GIMNAZIALA GRIGORE MOISIL ULMENI,ULMENI,,,
,5162102328,5161100882,,93370,93389,5162102328,CĂLĂRAŞI,,,,GRADINITA PROG. NORMAL NR.1 DOR MARUNT SAT,GRADINITA PROG NORMAL NR 1 DOR MARUNT SAT,DOR MĂRUNT,,,
,5162102952,5161103356,,102419,102428,5162102952,CĂLĂRAŞI,,,,SCOALA PRIMARA NR.2 CURCANI,SCOALA PRIMARA NR 2 CURCANI,CURCANI,,,
24157267,5161101128,,539403,92587,92596,5161101128,CĂLĂRAŞI,,,,SCOALA GIMNAZIALA NR.1 MODELU,SCOALA GIMNAZIALA NR 1 MODELU,MODELU,"""PLOPILOR"," NR. 19""",
,5162101205,5161103478,,93539,93548,5162101205,CĂLĂRAŞI,,,29,GRADINITA PROGRAM NORMAL NR.1 DRAGOS VODA,GRADINITA PROGRAM NORMAL NR 1 DRAGOS VODA,DRAGOŞ VODĂ,Principala,,
3797077,5161103424,,541494,92569,92578,5161103424,CĂLĂRAŞI,,,,"""GRADINITA CU PROGRAM PRELUNGIT ",,"TARA COPILARIEI’’ CALARASI""",GRADINITA CU PROGRAM PRELUNGIT TARA COPILARIEI CALARASI,CĂLĂRAŞI,DUNAREA NR.1
,5162103207,5161100656,,105455,105491,5162103207,CĂLĂRAŞI,,,,GRADINITA PROG. NORMAL NR.3 PLUMBUITA,GRADINITA PROG NORMAL NR 3 PLUMBUITA,PLUMBUITA,,,
,5162101535,5161100796,,105259,105268,5162101535,CĂLĂRAŞI,,,,SCOALA GIMNAZIALA NR.1 SPANTOV,SCOALA GIMNAZIALA NR 1 SPANTOV,SPANŢOV,,,
,5142100198,5141100714,,92569,92578,5142100198,CĂLĂRAŞI,,,4,CENTRUL SCOLAR DE ASISTENTA PSIHOPEDAGOGICA LICEUL TEHNOLOGIC TRANSPORTURI AUTO CALARASI,CENTRUL SCOLAR DE ASISTENTA PSIHOPEDAGOGICA LICEUL TEHNOLOGIC TRANSPORTURI AUTO CALARASI,CĂLĂRAŞI,SLOBOZIEI,,
24611940,5161100656,,567008,105455,105464,5161100656,CĂLĂRAŞI,,,,SCOALA GIMNAZIALA NR.1 TAMADAU MARE,SCOALA GIMNAZIALA NR 1 TAMADAU MARE,TĂMĂDĂU MARE,,,
,5162102382,5161100109,,104181,104216,5162102382,CĂLĂRAŞI,,,,GRADINITA PROG. NORMAL NR.2 SULTANA,GRADINITA PROG NORMAL NR 2 SULTANA,SULTANA,,,
,5162102875,5161100692,,93815,93833,5162102875,CĂLĂRAŞI,,,,GRADINITA PROGRAM NORMAL NR.2 GALDAU,GRADINITA PROGRAM NORMAL NR 2 GALDAU,GÂLDĂU,,,
22760139,5161101119,,539659,92569,92578,5161101119,CĂLĂRAŞI,,,,"""SCOALA GIMNAZIALA """"CAROL I"""" CALARASI""",SCOALA GIMNAZIALA CAROL I CALARASI,CĂLĂRAŞI,"""BUCURESTI"," NR.159""",
,5162103157,5161100656,,105455,105516,5162103157,CĂLĂRAŞI,,,,GRADINITA PROG NORMAL NR.4 SEINOIU,GRADINITA PROG NORMAL NR 4 SEINOIU,ŞEINOIU,,,
,5162101734,5161100638,,102838,102865,5162101734,CĂLĂRAŞI,,,,SCOALA PRIMARA NR. 2 DANESTI,SCOALA PRIMARA NR 2 DANESTI,DĂNEŞTI,,,
,5162101553,5161100796,,105259,105268,5162101553,CĂLĂRAŞI,,,,SCOALA PRIMARA NR.1 CLINCIU,SCOALA PRIMARA NR 1 CLINCIU,SPANŢOV,,,
22131058,5161200057,,3747579,92569,92578,5161200057,CĂLĂRAŞI,,,,"""SCOALA """"HELIKON"""" CALARASI""",SCOALA HELIKON CALARASI,CĂLĂRAŞI,,,
,5162101354,5161103564,,104635,104644,5162101354,CĂLĂRAŞI,,,,GRADINITA PROG. NORMAL NR.5 PODUL PITARULUI,GRADINITA PROG NORMAL NR 5 PODUL PITARULUI,PLĂTĂREŞTI,,,
,5162102364,5161100109,,104181,104207,5162102364,CĂLĂRAŞI,,,,GRADINITA PROG. NORMAL NR.3 COCONI,GRADINITA PROG NORMAL NR 3 COCONI,COCONI,,,
3797042,5161100543,,568662,100610,100629,5161100543,CĂLĂRAŞI,,,,"""LICEUL TEORETIC """"NEAGOE BASARAB"""" OLTENITA""",LICEUL TEORETIC NEAGOE BASARAB OLTENITA,OLTENIŢA,"""TINERETULUI"," NR. 151""",
,5162101883,5161100855,,101458,101485,5162101883,CĂLĂRAŞI,,,,GRADINITA PROG. NORMAL NR.4 BUCIUMENI,GRADINITA PROG NORMAL NR 4 BUCIUMENI,BUCIUMENI,,,
,5162102016,5161103433,,100638,100647,5162102016,CĂLĂRAŞI,,,,SCOALA GIMNAZIALA NR.2 MITRENI,SCOALA GIMNAZIALA NR 2 MITRENI,MITRENI,,,
,5162102988,5161100769,,92961,92970,5162102988,CĂLĂRAŞI,,,,GRADINITA PROGRAM NORMAL NR. 1 BORCEA,GRADINITA PROGRAM NORMAL NR 1 BORCEA,BORCEA,,,
917185,5161100086,,568193,104323,104332,5161100086,CĂLĂRAŞI,,,,SCOALA GIMNAZIALA NR.1 NANA,SCOALA GIMNAZIALA NR 1 NANA,NANA,,,
24024546,5161100665,,538722,93851,93860,5161100665,CĂLĂRAŞI,,,,SCOALA GIMNAZIALA NR.1 LEHLIU,SCOALA GIMNAZIALA NR 1 LEHLIU,LEHLIU,,,
,5142100325,5141100714,,92569,92578,5142100325,CĂLĂRAŞI,,,,CENTRUL SCOLAR DE ASISTENTA PSIHOPEDAGOGICA CALARASI - CABINET LOGOPEDIC,CENTRUL SCOLAR DE ASISTENTA PSIHOPEDAGOGICA CALARASI  CABINET LOGOPEDIC,CĂLĂRAŞI,,,
,5162102007,5161103433,,100638,100656,5162102007,CĂLĂRAŞI,,,,GRADINITA PROG. NORMAL NR.3 CLATESTI,GRADINITA PROG NORMAL NR 3 CLATESTI,CLĂTEŞTI,,,
,5162101381,5161103564,,104635,104662,5162101381,CĂLĂRAŞI,,,,SCOALA PRIMARA NR.1 DOROBANTU,SCOALA PRIMARA NR 1 DOROBANTU,DOROBANŢU,,,
23572931,5161100769,,537936,92961,92970,5161100769,CĂLĂRAŞI,,,,LICEUL TEHNOLOGIC NR.1 BORCEA,LICEUL TEHNOLOGIC NR 1 BORCEA,BORCEA,,,
24234688,5161103496,,539269,94606,94615,5161103496,CĂLĂRAŞI,,,,SCOALA GIMNAZIALA NR.1 ULMU,SCOALA GIMNAZIALA NR 1 ULMU,ULMU,,,
,5162102147,5161101015,,93281,93307,5162102147,CĂLĂRAŞI,,,,SCOALA PRIMARA NR.1 CALARASII VECHI,SCOALA PRIMARA NR 1 CALARASII VECHI,CĂLĂRAŞII VECHI,,,
,5162101969,5161103528,,93771,93780,5162101969,CĂLĂRAŞI,,,,"""GRADINITA PROGRAM NORMAL NR.1 """"ZANA FLORILOR"""" INDEPENDENTA""",GRADINITA PROGRAM NORMAL NR 1 ZANA FLORILOR INDEPENDENTA,INDEPENDENŢA,,,
,5162103035,5161100032,,93664,93682,5162103035,CĂLĂRAŞI,,,,GRADINITA CU PROGRAM NORMAL NR.4 BOGATA,GRADINITA CU PROGRAM NORMAL NR 4 BOGATA,BOGATA,,,
,5162103089,5161100864,,103032,103078,5162103089,CĂLĂRAŞI,,,,GRADINITA PROG. NORMAL NR.3 GOSTILELE,GRADINITA PROG NORMAL NR 3 GOSTILELE,GOSTILELE,,,
,5162101589,5161100796,,105259,105268,5162101589,CĂLĂRAŞI,,,,GRADINITA CU PROGRAM NORMAL NR.4 CLINCIU,GRADINITA CU PROGRAM NORMAL NR 4 CLINCIU,SPANŢOV,,,
,5162102527,5161100534,,94651,94660,5162102527,CĂLĂRAŞI,,,,GRADINITA PROG. NORMAL NR.1 UNIREA,GRADINITA PROG NORMAL NR 1 UNIREA,UNIREA,,,
3797050,5161100602,,791867,92569,92578,5161100602,CĂLĂRAŞI,,,,"""GRADINITA CU PROGRAM PRELUNGIT """"ARICEL"""" CALARASI""",GRADINITA CU PROGRAM PRELUNGIT ARICEL CALARASI,CĂLĂRAŞI,STR.BUCURESTI NR.227,,
,5162101779,5161100493,,101724,101733,5162101779,CĂLĂRAŞI,,,,GRADINITA PROGRAM NORMAL NR.1 CASCIOARELE,GRADINITA PROGRAM NORMAL NR 1 CASCIOARELE,CĂSCIOARELE,,,
,5162101598,5161100706,,104886,104966,5162101598,CĂLĂRAŞI,,,,GRADINITA PROG NORMAL NR.4 SOLACOLU,GRADINITA PROG NORMAL NR 4 SOLACOLU,SOLACOLU,,,
3797107,5161100986,,959756,92569,92578,5161100986,CĂLĂRAŞI,,,,"""COLEGIUL TEHNIC """"STEFAN BANULESCU"""" CALARASI""",COLEGIUL TEHNIC STEFAN BANULESCU CALARASI,CĂLĂRAŞI,"""PREL. BUCURESTI"," NR. 1""",
,5162102025,5161100127,,105384,105393,5162102025,CĂLĂRAŞI,,,,GRADINITA PROG. NORMAL NR.1 SOLDANU,GRADINITA PROG NORMAL NR 1 SOLDANU,ŞOLDANU,,,
24018277,5161100864,,564367,103032,103041,5161100864,CĂLĂRAŞI,,,,"""SCOALA GIMNAZIALA """"MIRCEA NEDELCIU"""" FUNDULEA""",SCOALA GIMNAZIALA MIRCEA NEDELCIU FUNDULEA,FUNDULEA,,,
24288246,5161101078,,566901,105222,105231,5161101078,CĂLĂRAŞI,,,,SCOALA GIMNAZIALA NR.1 SOHATU,SCOALA GIMNAZIALA NR 1 SOHATU,SOHATU,,,
23923102,5161100882,,538356,93370,93389,5161100882,CĂLĂRAŞI,,,,SCOALA GIMNAZIALA NR.1 DOR MARUNT SAT,SCOALA GIMNAZIALA NR 1 DOR MARUNT SAT,DOR MĂRUNT,,,
,5162102839,5161100014,,103014,103023,5162102839,CĂLĂRAŞI,,,,SCOALA PRIMARA NR.3 FUNDENI,SCOALA PRIMARA NR 3 FUNDENI,FUNDENI,,,
,5162103053,5161100032,,93664,93708,5162103053,CĂLĂRAŞI,,,,SCOALA GIMNAZIALA NR.1 RASA,SCOALA GIMNAZIALA NR 1 RASA,RASA,,,
,5162101399,5161103564,,104635,104644,5162101399,CĂLĂRAŞI,,,,GRADINITA PROG NORMAL NR.3 RENASTEREA,GRADINITA PROG NORMAL NR 3 RENASTEREA,PLĂTĂREŞTI,,,
15057765,5161100629,,538772,93931,93977,5161100629,CĂLĂRAŞI,,,,SCOALA GIMNAZIALA NR.1 RADU VODA,SCOALA GIMNAZIALA NR 1 RADU VODA,RADU VODĂ,Lupsanu,,
,5162101752,5161100638,,102838,102874,5162101752,CĂLĂRAŞI,,,,GRADINITA PROGRAM NORMAL NR.4 FRASINETUL DE JOS,GRADINITA PROGRAM NORMAL NR 4 FRASINETUL DE JOS,FRĂSINETU DE JOS,,,
24185682,5161103564,,569587,104635,104644,5161103564,CĂLĂRAŞI,,,,SCOALA GIMNAZIALA NR.1 PLATARESTI,SCOALA GIMNAZIALA NR 1 PLATARESTI,PLĂTĂREŞTI,,,
,5162101223,5161100891,,93888,93897,5162101223,CĂLĂRAŞI,,,,GRADINITA PROGRAM NORMAL NR.1 LEHLIU GARA,GRADINITA PROGRAM NORMAL NR 1 LEHLIU GARA,LEHLIU-GARĂ,,,
,5162102821,5161100014,,103014,103023,5162102821,CĂLĂRAŞI,,,,GRADINITA PROG. NORMAL NR.1 FUNDENI,GRADINITA PROG NORMAL NR 1 FUNDENI,FUNDENI,,,
,5162102043,5161100525,,92961,92970,5162102043,CĂLĂRAŞI,,,,GRADINITA CU PROGRAM PRELUNGIT NR.2 BORCEA,GRADINITA CU PROGRAM PRELUNGIT NR 2 BORCEA,BORCEA,,,
,5142100402,5141100714,,100610,100629,5142100402,CĂLĂRAŞI,,,,"""CENTRUL SCOLAR DE ASISTENTA PSIHOPEDAGOGICA LICEUL TEORETIC ",,"NEAGOE BASARAB"""" OLTENITA""",CENTRUL SCOLAR DE ASISTENTA PSIHOPEDAGOGICA LICEUL TEORETIC NEAGOE BASARAB OLTENITA,OLTENIŢA,PORTULUI
,5162102812,5161100014,,103014,103023,5162102812,CĂLĂRAŞI,,,,GRADINITA PROG. NORMAL NR.3 FUNDENI,GRADINITA PROG NORMAL NR 3 FUNDENI,FUNDENI,,,
,5142100456,5141100714,,93888,93897,5142100456,CĂLĂRAŞI,,,9,"""CENTRUL SCOLAR DE ASISTENTA PSIHOPEDAGOGICA LICEUL ",,"ALEXANDRU ODOBESCU"""" LEHLIU-GARA""",CENTRUL SCOLAR DE ASISTENTA PSIHOPEDAGOGICA LICEUL ALEXANDRU ODOBESCU LEHLIU GARA,LEHLIU-GARĂ,VIITORULUI
,5162103302,5161100665,,93851,93860,5162103302,CĂLĂRAŞI,,,,GRADINITA PROGRAM NORMAL NR.1 LEHLIU,GRADINITA PROGRAM NORMAL NR 1 LEHLIU,LEHLIU,,,
,5162102789,5161103487,,103764,103773,5162102789,CĂLĂRAŞI,,,,GRĂDINIȚA CU PROGRAM NORMAL NR.4 ȘTEFĂNEȘTI,GRADINITA CU PROGRAM NORMAL NR 4 STEFANESTI,ILEANA,,,
14851643,5161101051,,568624,100610,100629,5161101051,CĂLĂRAŞI,,,76,"""SCOALA GIMNAZIALA """"MIRCEA ELIADE"""" OLTENITA""",SCOALA GIMNAZIALA MIRCEA ELIADE OLTENITA,OLTENIŢA,22.dec,,
,5162101978,5161103528,,93771,93799,5162101978,CĂLĂRAŞI,,,,"""SCOALA PRIMARA NR.1 """"CONSTANTIN BRANCOVEANU"""" POTCOAVA""",SCOALA PRIMARA NR 1 CONSTANTIN BRANCOVEANU POTCOAVA,POTCOAVA,,,
,5162103071,5161100032,,93664,93691,5162103071,CĂLĂRAŞI,,,,GRADINITA CU PROGRAM NORMAL NR.2 CUNESTI,GRADINITA CU PROGRAM NORMAL NR 2 CUNESTI,CUNEŞTI,,,
23537497,5161100579,,539738,92569,92578,5161100579,CĂLĂRAŞI,,,,"""SCOALA GIMNAZIALA """"CONSTANTIN BRANCOVEANU"""" CALARASI""",SCOALA GIMNAZIALA CONSTANTIN BRANCOVEANU CALARASI,CĂLĂRAŞI,"""GRIVITA"," NR.343""",
,5162102287,5161101051,,100610,100629,5162102287,CĂLĂRAŞI,,,,SCOALA PRIMARA NR.1 OLTENITA,SCOALA PRIMARA NR 1 OLTENITA,OLTENIŢA,,,
,5162102459,5161100905,,102945,103005,5162102459,CĂLĂRAŞI,,,,SCOALA PRIMARA NR.6 POSTAVARI,SCOALA PRIMARA NR 6 POSTAVARI,POSTĂVARI,,,
,5162102726,5161100959,,105605,105614,5162102726,CĂLĂRAŞI,,,,GRADINITA PROGRAM NORMAL NR.1 ULMENI,GRADINITA PROGRAM NORMAL NR 1 ULMENI,ULMENI,,,
4853868,5161100023,,539776,93487,93496,5161100023,CĂLĂRAŞI,,,,"""LICEUL TEHNOLOGIC """"DUILIU ZAMFIRESCU"""" DRAGALINA""",LICEUL TEHNOLOGIC DUILIU ZAMFIRESCU DRAGALINA,DRAGALINA,,,
,5162101327,5161101101,,93441,93469,5162101327,CĂLĂRAŞI,,,,GRADINITA PROGRAM NORMAL NR.3 BOSNEAGU,GRADINITA PROGRAM NORMAL NR 3 BOSNEAGU,BOŞNEAGU,,,
,5162101164,5161100629,,93931,93968,5162101164,CĂLĂRAŞI,,,,SCOALA PRIMARA NR.1 PLEVNA,SCOALA PRIMARA NR 1 PLEVNA,PLEVNA,,,
,5162103338,5161100507,,104341,104369,5162103338,CĂLĂRAŞI,,,,GRADINITA CU PROGRAM NORMAL NR.2 FANTANA DOAMNEI,GRADINITA CU PROGRAM NORMAL NR 2 FANTANA DOAMNEI,FÂNTÂNA DOAMNEI,,,
,5162101467,5161101033,,93370,93405,5162101467,CĂLĂRAŞI,,,,GRADINITA PROG. NORMAL NR.1 DALGA GARA,GRADINITA PROG NORMAL NR 1 DALGA GARA,DÂLGA-GARĂ,,,
23923099,5161101033,,538332,93370,93405,5161101033,CĂLĂRAŞI,,,,SCOALA GIMNAZIALA NR.1 DALGA GARA,SCOALA GIMNAZIALA NR 1 DALGA GARA,DÂLGA-GARĂ,,,
23944016,5161100751,,539245,94580,94599,5161100751,CĂLĂRAŞI,,,118,SCOALA GIMNAZIALA NR.1 STEFAN VODA,SCOALA GIMNAZIALA NR 1 STEFAN VODA,ŞTEFAN VODĂ,Viorelelor,,
3797026,5161100923,,539843,93888,93897,5161100923,CĂLĂRAŞI,,,9,"""LICEUL """"ALEXANDRU ODOBESCU"""" LEHLIU GARA""",LICEUL ALEXANDRU ODOBESCU LEHLIU GARA,LEHLIU-GARĂ,VIITORULI,,
,5162101494,5161101024,,94125,94143,5162101494,CĂLĂRAŞI,,,,SCOALA GIMNAZIALA NR.2 ALEXANDRU ODOBESCU,SCOALA GIMNAZIALA NR 2 ALEXANDRU ODOBESCU,ALEXANDRU ODOBESCU,,,
,5162101191,5161103478,,93539,93566,5162101191,CĂLĂRAŞI,,,2,GRADINITA PROGRAM NORMAL NR.3 SOCOALELE,GRADINITA PROGRAM NORMAL NR 3 SOCOALELE,SOCOALELE,BOJORULUI,,
,5162101277,5161100977,,101083,101092,5162101277,CĂLĂRAŞI,,,,GRADINITA PROGRAM NORMAL NR.1 BELCIUGATELE,GRADINITA PROGRAM NORMAL NR 1 BELCIUGATELE,BELCIUGATELE,,,
,5162101449,5161101033,,93370,93398,5162101449,CĂLĂRAŞI,,,,GRADINITA PROG. NORMAL NR.2 DALGA SAT,GRADINITA PROG NORMAL NR 2 DALGA SAT,DÂLGA,,,
,5162101996,5161103433,,100638,100647,5162101996,CĂLĂRAŞI,,,,GRADINITA PROG. NORMAL NR.2 MITRENI,GRADINITA PROG NORMAL NR 2 MITRENI,MITRENI,,,
,5162103347,5161100579,,92569,92578,5162103347,CĂLĂRAŞI,,,,SCOALA PRIMARA NR. 6 CALARASI,SCOALA PRIMARA NR 6 CALARASI,CĂLĂRAŞI,,,
,5162102934,5161103356,,102419,102428,5162102934,CĂLĂRAŞI,,,,GRADINITA PROG. NORMAL NR.1 CURCANI,GRADINITA PROG NORMAL NR 1 CURCANI,CURCANI,,,
,5162103044,5161100837,,94731,94759,5162103044,CĂLĂRAŞI,,,,GRADINITA PROGRAM NORMAL NR.2 FLOROAICA,GRADINITA PROGRAM NORMAL NR 2 FLOROAICA,FLOROAICA,,,
,5162101684,5161100968,,93325,93343,5162101684,CĂLĂRAŞI,,,,GRADINITA PROGRAM NORMAL NR.3 COSLOGENI,GRADINITA PROGRAM NORMAL NR 3 COSLOGENI,COSLOGENI,,,
,5162101345,5161101101,,93441,93478,5162101345,CĂLĂRAŞI,,,,GRADINITA PROGRAM NORMAL NR.2 VARASTI,GRADINITA PROGRAM NORMAL NR 2 VARASTI,VĂRĂŞTI,,,
,5142100411,5141100714,,92569,92578,5142100411,CĂLĂRAŞI,,,,"""CENTRUL SCOLAR DE ASISTENTA PSIHOPEDAGOGICA SC. GIMNAZIALA ",,"TUDOR VLADIMIRESCU"""" CALARASI""",CENTRUL SCOLAR DE ASISTENTA PSIHOPEDAGOGICA SC GIMNAZIALA TUDOR VLADIMIRESCU CALARASI,CĂLĂRAŞI,SULFINEI
23901929,5161101015,,538239,93281,93316,5161101015,CĂLĂRAŞI,,,19,SCOALA GIMNAZIALA NR.1 CUZA VODA,SCOALA GIMNAZIALA NR 1 CUZA VODA,CUZA VODĂ,Principala,,
23416398,5161103415,,1155802,92569,92578,5161103415,CĂLĂRAŞI,,,12,"""SCOALA GIMNAZIALA """"MIHAI VITEAZUL"""" CALARASI""",SCOALA GIMNAZIALA MIHAI VITEAZUL CALARASI,CĂLĂRAŞI,Prel. Bucuresti,,
,5162101476,5161103383,,100610,100629,5162101476,CĂLĂRAŞI,,,,GRADINITA PROGRAM NORMAL NR.3 OLTENITA,GRADINITA PROGRAM NORMAL NR 3 OLTENITA,OLTENIŢA,,,
,5162102744,5161103487,,103764,103773,5162102744,CĂLĂRAŞI,,,,GRADINITA PROGRAM NORMAL NR.3 FLORICA,GRADINITA PROGRAM NORMAL NR 3 FLORICA,ILEANA,,,
,5162101562,5161100796,,105259,105268,5162101562,CĂLĂRAŞI,,,,GRADINITA CU PROGRAM NORMAL NR.1 SPANTOV,GRADINITA CU PROGRAM NORMAL NR 1 SPANTOV,SPANŢOV,,,
3797387,5131100478,,3747572,92569,92578,5131100478,CĂLĂRAŞI,,,,CASA CORPULUI DIDACTIC CALARASI,CASA CORPULUI DIDACTIC CALARASI,CĂLĂRAŞI,Str. Sloboziei nr. 28,,
,5162102536,5161101015,,93281,93316,5162102536,CĂLĂRAŞI,,,,GRADINITA PROGRAM NORMAL NR.1 CUZA VODA,GRADINITA PROGRAM NORMAL NR 1 CUZA VODA,CUZA VODĂ,,,
24288211,5161101101,,538370,93441,93450,5161101101,CĂLĂRAŞI,,,,SCOALA GIMNAZIALA NR.1 DOROBANTU,SCOALA GIMNAZIALA NR 1 DOROBANTU,DOROBANŢU,,,
,5142100438,5141100714,,92569,92578,5142100438,CĂLĂRAŞI,,,12,"""CENTRUL SCOLAR DE ASISTENTA PSIHOPEDAGOGICA LICEUL TEORETIC ",,"MIHAI EMINESCU"""" CALARASI""",CENTRUL SCOLAR DE ASISTENTA PSIHOPEDAGOGICA LICEUL TEORETIC MIHAI EMINESCU CALARASI,CĂLĂRAŞI,PREL. BUCURESTI
,5162102762,5161103487,,103764,103773,5162102762,CĂLĂRAŞI,,,,GRADINITA PROGRAM NORMAL NR.1 ILEANA,GRADINITA PROGRAM NORMAL NR 1 ILEANA,ILEANA,,,
,5162101363,5161103564,,104635,104662,5162101363,CĂLĂRAŞI,,,,GRADINITA PROG. NORMAL NR.4 DOROBANTU,GRADINITA PROG NORMAL NR 4 DOROBANTU,DOROBANŢU,,,
14839496,5161103374,,568612,100610,100629,5161103374,CĂLĂRAŞI,,,,"""SCOALA GIMNAZIALA """"PROF. LUCIAN PAVEL"""" OLTENITA""",SCOALA GIMNAZIALA PROF LUCIAN PAVEL OLTENITA,OLTENIŢA,"""CUZA VODA"," NR. 36""",
,5162101182,5161103478,,93539,93557,5162101182,CĂLĂRAŞI,,,,GRADINITA PROGRAM NORMAL NR.2 BOGDANA,GRADINITA PROGRAM NORMAL NR 2 BOGDANA,BOGDANA,,,
,5162101987,5161103433,,100638,100665,5162101987,CĂLĂRAŞI,,,,GRADINITA CU PROG. NORMAL NR.1 VALEA ROSIE,GRADINITA CU PROG NORMAL NR 1 VALEA ROSIE,VALEA ROŞIE,,,
,5162102183,5161100023,,93487,93502,5162102183,CĂLĂRAŞI,,,,SCOALA GIMNAZIALA NR.1 CONSTANTIN BRANCOVEANU,SCOALA GIMNAZIALA NR 1 CONSTANTIN BRANCOVEANU,CONSTANTIN BRÂNCOVEANU,,,
8156065,5161100118,,541509,92569,92578,5161100118,CĂLĂRAŞI,,,,"""GRADINITA CU PROGRAM PRELUNGIT """"ROSTOGOL"""" CALARASI""",GRADINITA CU PROGRAM PRELUNGIT ROSTOGOL CALARASI,CĂLĂRAŞI,,,
,5162101241,5161100516,,105712,105721,5162101241,CĂLĂRAŞI,,,,SCOALA PRIMARA NR.1 SILISTEA,SCOALA PRIMARA NR 1 SILISTEA,VALEA ARGOVEI,,,
,5162102563,5161101042,,92569,92578,5162102563,CĂLĂRAŞI,,,22,GRADINITA CU PROGRAM NORMAL NR.6 CALARASI,GRADINITA CU PROGRAM NORMAL NR 6 CALARASI,CĂLĂRAŞI,INDEPENDENTEI,,
23788944,5161100516,,567577,105712,105721,5161100516,CĂLĂRAŞI,,,,SCOALA GIMNAZIALA NR.1 VALEA ARGOVEI,SCOALA GIMNAZIALA NR 1 VALEA ARGOVEI,VALEA ARGOVEI,,,
,5162102373,5161100109,,104181,104190,5162102373,CĂLĂRAŞI,,,,GRADINITA PROG. NORMAL NR.1 MANASTIREA,GRADINITA PROG NORMAL NR 1 MANASTIREA,MÂNĂSTIREA,,,
,5162102979,5161100769,,92961,92970,5162102979,CĂLĂRAŞI,,,,SCOALA GIMNAZIALA NR. 3 BORCEA,SCOALA GIMNAZIALA NR 3 BORCEA,BORCEA,,,
,5162101612,5161100706,,104886,104895,5162101612,CĂLĂRAŞI,,,,GRADINITA PROG. NORMAL NR.2 SARULESTI SAT,GRADINITA PROG NORMAL NR 2 SARULESTI SAT,SĂRULEŞTI,,,
,5162102518,5161103374,,100610,100629,5162102518,CĂLĂRAŞI,,,,GRADINITA PROG. NORMAL NR.1 OLTENITA,GRADINITA PROG NORMAL NR 1 OLTENITA,OLTENIŢA,,,
,5162103175,5161100656,,105455,105464,5162103175,CĂLĂRAŞI,,,,GRADINITA PROG. NORMAL NR.1 TAMADAU,GRADINITA PROG NORMAL NR 1 TAMADAU,TĂMĂDĂU MARE,,,
,5142100203,5141100714,,92569,92578,5142100203,CĂLĂRAŞI,,,,"""CENTRUL SCOLAR DE ASISTENTA PSIHOPEDAGOGICA COLEGIUL AGRICOL ",,"SANDU ALDEA"""" CALARASI""",CENTRUL SCOLAR DE ASISTENTA PSIHOPEDAGOGICA COLEGIUL AGRICOL SANDU ALDEA CALARASI,CĂLĂRAŞI,PREL. BUCURESTI
,5162101797,5161103519,,92587,92630,5162101797,CĂLĂRAŞI,,,,GRADINITA PROG. NORMAL NR.3 TONEA,GRADINITA PROG NORMAL NR 3 TONEA,TONEA,,,
,5142100189,5141100714,3747580,93888,93897,5142100189,CĂLĂRAŞI,,,,CENTRUL SCOLAR DE ASISTENTA PSIHOPEDAGOGICA LEHLIU GARA,CENTRUL SCOLAR DE ASISTENTA PSIHOPEDAGOGICA LEHLIU GARA,LEHLIU-GARĂ,,,
,5162102423,5161100905,,102945,102981,5162102423,CĂLĂRAŞI,,,,GRADINITA PROG. NORMAL NR5 PADURISU,GRADINITA PROG NORMAL NR5 PADURISU,PĂDURIŞU,,,
,5162101933,5161100023,,93487,93511,5162101933,CĂLĂRAŞI,,,,GRADINITA PROGRAM NORMAL NR.1 DRAJNA,GRADINITA PROGRAM NORMAL NR 1 DRAJNA,DRAJNA NOUĂ,,,
,5162101458,5161101033,,93370,93398,5162101458,CĂLĂRAŞI,,,,SCOALA PRIMARA NR.1 DALGA SAT,SCOALA PRIMARA NR 1 DALGA SAT,DÂLGA,,,
,5162101865,5161100855,,101458,101500,5162101865,CĂLĂRAŞI,,,,SCOALA PRIMARA NR. 1 GRUIU,SCOALA PRIMARA NR 1 GRUIU,GRUIU,,,
28452375,5161203648,,3747586,92569,92578,5161203648,CĂLĂRAŞI,,,84,"""GRADINITA """"CIUFULICI"""" CALARASI""",GRADINITA CIUFULICI CALARASI,CĂLĂRAŞI,VIITOR,,
,5162101716,5161100638,,102838,102847,5162101716,CĂLĂRAŞI,,,,GRADINITA PROGRAM NORMAL NR.1 FRASINET,GRADINITA PROGRAM NORMAL NR 1 FRASINET,FRĂSINET,,,
,5162102165,5161100023,,93487,93496,5162102165,CĂLĂRAŞI,,,,GRADINITA PROGRAM NORMAL NR.1 DRAGALINA,GRADINITA PROGRAM NORMAL NR 1 DRAGALINA,DRAGALINA,,,
,5162102708,5161100959,,105605,105614,5162102708,CĂLĂRAŞI,,,,SCOALA PRIMARA NR.3 ULMENI,SCOALA PRIMARA NR 3 ULMENI,ULMENI,,,
,5162102803,5161100014,,103014,103023,5162102803,CĂLĂRAŞI,,,,GRADINITA PROG. NORMAL NR.2 FUNDENI,GRADINITA PROG NORMAL NR 2 FUNDENI,FUNDENI,,,
,5162102088,5161100127,,105384,105400,5162102088,CĂLĂRAŞI,,,,SCOALA PRIMARA NR.1 NEGOIESTI,SCOALA PRIMARA NR 1 NEGOIESTI,NEGOEŞTI,,,
,5162102215,5161103496,,94606,94633,5162102215,CĂLĂRAŞI,,,,GRADINITA PROG. NORMAL NR.2 FAUREI,GRADINITA PROG NORMAL NR 2 FAUREI,FĂUREI,,,
,5162102391,5161100905,,102945,102972,5162102391,CĂLĂRAŞI,,,,SCOALA PRIMARA NR.4 PASAREA,SCOALA PRIMARA NR 4 PASAREA,PASĂREA,,,
,5162100163,5161100602,,92569,92578,5162100163,CĂLĂRAŞI,,,,GRADINITA PROGRAM NORMAL NR.8 CALARASI,GRADINITA PROGRAM NORMAL NR 8 CALARASI,CĂLĂRAŞI,,,
24249727,5161100077,,567369,179962,105847,5161100077,CĂLĂRAŞI,,,78,SCOALA GIMNAZIALA NR.1 GALBINASI,SCOALA GIMNAZIALA NR 1 GALBINASI,GĂLBINAŞI,BUCURESTI,,
3797263,5161100706,,987765,104886,104939,5161100706,CĂLĂRAŞI,,,5,SCOALA GIMNAZIALA NR.1 SARULESTI GARA,SCOALA GIMNAZIALA NR 1 SARULESTI GARA,SĂRULEŞTI-GARĂ,CONSTANTIN BRAILOIU,,
23741020,5161100828,,539233,94562,94571,5161100828,CĂLĂRAŞI,,,,"""SCOALA GIMNAZIALA """"DRAGOS MARIN"""" STEFAN CEL MARE""",SCOALA GIMNAZIALA DRAGOS MARIN STEFAN CEL MARE,ŞTEFAN CEL MARE,SCOLII,,
,5162101413,5161103564,,104635,104644,5162101413,CĂLĂRAŞI,,,,SCOALA PRIMARA NR.2 RENASTEREA,SCOALA PRIMARA NR 2 RENASTEREA,PLĂTĂREŞTI,,,
,5162101146,5161100629,,93931,93968,5162101146,CĂLĂRAŞI,,,,GRADINITA PROG. NORMAL NR.1 PLEVNA,GRADINITA PROG NORMAL NR 1 PLEVNA,PLEVNA,,,
24685106,5161100873,,562448,180055,101494,5161100873,CĂLĂRAŞI,,,,"""SCOALA GIMNAZIALA """" NICOLAE PETRESCU"""" CRIVAT""",SCOALA GIMNAZIALA NICOLAE PETRESCU CRIVAT,CRIVĂŢ,,,
24024520,5161103478,,538435,93539,93548,5161103478,CĂLĂRAŞI,,,29,SCOALA GIMNAZIALA NR.1 DRAGOS VODA,SCOALA GIMNAZIALA NR 1 DRAGOS VODA,DRAGOŞ VODĂ,PRINCIPALA,,
32250803,5161100724,,541756,92569,92578,5161100724,CĂLĂRAŞI,,,147,GRADINITA CU PROGRAM NORMAL NR. 11 CALARASI,GRADINITA CU PROGRAM NORMAL NR 11 CALARASI,CĂLĂRAŞI,Str. Prel. Bucuresti,,
23982834,5161100552,,539075,94312,94321,5161100552,CĂLĂRAŞI,,,101,"""SCOALA GIMNAZIALA """"IANCU ROSETTI"""" ROSETI""",SCOALA GIMNAZIALA IANCU ROSETTI ROSETI,ROSEŢI,C.A. Rosetti,,
,5142100397,5141100714,,100610,100629,5142100397,CĂLĂRAŞI,,,,CENTRUL SCOLAR DE ASISTENTA PSIHOPEDAGOGICA INVATAMANT PRESCOLAR OLTENITA,CENTRUL SCOLAR DE ASISTENTA PSIHOPEDAGOGICA INVATAMANT PRESCOLAR OLTENITA,OLTENIŢA,,,
24494378,5161100905,,569173,102945,102954,5161100905,CĂLĂRAŞI,,,,SCOALA GIMNAZIALA NR.1 FRUMUSANI,SCOALA GIMNAZIALA NR 1 FRUMUSANI,FRUMUŞANI,,,
,5162103112,5161100864,,103032,103041,5162103112,CĂLĂRAŞI,,,,GRADINITA PROGRAM PRELUNGIT NR.1 FUNDULEA,GRADINITA PROGRAM PRELUNGIT NR 1 FUNDULEA,FUNDULEA,,,
,5162102174,5161100023,,93487,93502,5162102174,CĂLĂRAŞI,,,,GRADINITA PROGRAM NORMAL NR.2 CONSTANTIN BRANCOVEANU,GRADINITA PROGRAM NORMAL NR 2 CONSTANTIN BRANCOVEANU,CONSTANTIN BRÂNCOVEANU,,,
,5142100429,5141100714,,92569,92578,5142100429,CĂLĂRAŞI,,,36,"""CENTRUL SCOLAR DE ASISTENTA PSIHOPEDAGOGICA COLEGIUL NATIONAL ",,"BARBU STIRBEI"""" CALARASI""",CENTRUL SCOLAR DE ASISTENTA PSIHOPEDAGOGICA COLEGIUL NATIONAL BARBU STIRBEI CALARASI,CĂLĂRAŞI,EROILOR
24018242,5161100493,,563789,101724,101733,5161100493,CĂLĂRAŞI,,,,SCOALA GIMNAZIALA NR.1 CASCIOARELE,SCOALA GIMNAZIALA NR 1 CASCIOARELE,CĂSCIOARELE,,,
,5142100239,5141100714,,92569,92578,5142100239,CĂLĂRAŞI,,,,CENTRUL SCOLAR DE ASISTENTA PSIHOPEDAGOGICA COLEGIUL ECONOMIC CALARASI,CENTRUL SCOLAR DE ASISTENTA PSIHOPEDAGOGICA COLEGIUL ECONOMIC CALARASI,CĂLĂRAŞI,GRIVITA,,
18701614,5161100855,,562436,101458,101467,5161100855,CĂLĂRAŞI,,,,"""SCOALA GIMNAZIALA """"GHEORGHE MANU"""" BUDESTI""",SCOALA GIMNAZIALA GHEORGHE MANU BUDESTI,BUDEŞTI,,,
,5162101295,5161100977,,101083,101136,5162101295,CĂLĂRAŞI,,,,SCOALA PRIIMARA NR.1 MARIUTA,SCOALA PRIIMARA NR 1 MARIUTA,MĂRIUŢA,,,
,5162101309,5161101101,,93441,93450,5162101309,CĂLĂRAŞI,,,,GRADINITA PROGRAM NORMAL NR.1 DOROBANTU,GRADINITA PROGRAM NORMAL NR 1 DOROBANTU,DOROBANŢU,,,
,5162101657,5161100706,,104886,104920,5162101657,CĂLĂRAŞI,,,,GRADINITA PROG NORMAL NR.3 SANDULITA,GRADINITA PROG NORMAL NR 3 SANDULITA,SĂNDULIŢA,,,
,5162103297,5161100588,,94223,94250,5162103297,CĂLĂRAŞI,,,,SCOALA GIMNAZIALA NR.2 PERISORU,SCOALA GIMNAZIALA NR 2 PERISORU,TUDOR VLADIMIRESCU,,,
,5162101838,5161100855,,101458,101476,5162101838,CĂLĂRAŞI,,,,SCOALA GIMNAZIALA NR.1 APROZI,SCOALA GIMNAZIALA NR 1 APROZI,APROZI,,,
,5162102251,5161103573,,93085,93094,5162102251,CĂLĂRAŞI,,,,GRADINITA CU PROGRAM NORMAL NR.1 CIOCANESTI,GRADINITA CU PROGRAM NORMAL NR 1 CIOCANESTI,CIOCĂNEŞTI,,,
,5162102405,5161100905,,102945,102963,5162102405,CĂLĂRAŞI,,,,SCOALA GIMNAZIALA NR.2 ORASTI,SCOALA GIMNAZIALA NR 2 ORASTI,ORĂŞTI,,,
3797085,5161100136,,1181916,100610,100629,5161100136,CĂLĂRAŞI,,,,"""LICEUL TEHNOLOGIC """"NICOLAE BALCESCU"""" OLTENITA""",LICEUL TEHNOLOGIC NICOLAE BALCESCU OLTENITA,OLTENIŢA,PORTULUI NR.3,,
4294162,5161100674,,420133,92569,92578,5161100674,CĂLĂRAŞI,,,2,LICEUL TEHNOLOGIC DE TRANSPORTURI AUTO CALARASI,LICEUL TEHNOLOGIC DE TRANSPORTURI AUTO CALARASI,CĂLĂRAŞI,"""Prel. Sloboziei"," nr. 2""",
,5162103252,5161100561,,105829,105838,5162103252,CĂLĂRAŞI,,,,GRADINITA PROGRAM NORMAL NR.1 VASILATI,GRADINITA PROGRAM NORMAL NR 1 VASILATI,VASILAŢI,,,
,5162102301,5161100882,,93370,93389,5162102301,CĂLĂRAŞI,,,,GRADINITA PROG. NORMAL NR.2 DOR MARUNT GARA,GRADINITA PROG NORMAL NR 2 DOR MARUNT GARA,DOR MĂRUNT,,,
,5162101693,5161100968,,93325,93334,5162101693,CĂLĂRAŞI,,,,GRADINITA PROGRAM NORMAL NR.1 DICHISENI,GRADINITA PROGRAM NORMAL NR 1 DICHISENI,DICHISENI,,,
3982842,5161100837,,539350,94731,94740,5161100837,CĂLĂRAŞI,,,,"""SCOALA GIMNAZIALA"""" FLORENTA ALBU"""" VILCELELE""",SCOALA GIMNAZIALA FLORENTA ALBU VILCELELE,VÂLCELELE,,,
,5162102102,5161101078,,105222,105240,5162102102,CĂLĂRAŞI,,,,SCOALA GIMNAZIALA NR.2 PROGRESU,SCOALA GIMNAZIALA NR 2 PROGRESU,PROGRESU,,,
,5162102034,5161100127,,105384,105400,5162102034,CĂLĂRAŞI,,,,GRADINITA PROG. NORMAL NR.2 NEGOIESTI,GRADINITA PROG NORMAL NR 2 NEGOIESTI,NEGOEŞTI,,,
,5162101915,5161100023,,93487,93496,5162101915,CĂLĂRAŞI,,,,GRADINITA PROGRAM SAPTAMANAL NR.1 DRAGALINA,GRADINITA PROGRAM SAPTAMANAL NR 1 DRAGALINA,DRAGALINA,,,
,5162103279,5161100561,,105829,105838,5162103279,CĂLĂRAŞI,,,,GRADINITA PROGRAM NORMAL NR.4 PROZANIC,GRADINITA PROGRAM NORMAL NR 4 PROZANIC,VASILAŢI,,,
,5162101811,5161103406,,101822,101831,5162101811,CĂLĂRAŞI,,,,GRADINITA PROGRAM NORMAL NR.1 CHISELET,GRADINITA PROGRAM NORMAL NR 1 CHISELET,CHISELET,,,
24018269,5161103356,,563088,102419,102428,5161103356,CĂLĂRAŞI,,,,SCOALA GIMNAZIALA NR.1 CURCANI,SCOALA GIMNAZIALA NR 1 CURCANI,CURCANI,,,
,5162101318,5161101101,,93441,93478,5162101318,CĂLĂRAŞI,,,,SCOALA PRIMARA NR.1 VARASTI,SCOALA PRIMARA NR 1 VARASTI,VĂRĂŞTI,,,
,5162102667,5161100846,,104083,104109,5162102667,CĂLĂRAŞI,,,,GRADINITA PROGRAM NORMAL NR.2 VALEA STANII,GRADINITA PROGRAM NORMAL NR 2 VALEA STANII,VALEA STÂNII,,,
,5162102545,5161103501,,101804,101813,5162102545,CĂLĂRAŞI,,,,SCOALA GIMNAZIALA NR.2 CHIRNOGI,SCOALA GIMNAZIALA NR 2 CHIRNOGI,CHIRNOGI,,,
23944067,5161103433,,569288,100638,100665,5161103433,CĂLĂRAŞI,,,,SCOALA GIMNAZIALA NR.1 VALEA ROSIE,SCOALA GIMNAZIALA NR 1 VALEA ROSIE,VALEA ROŞIE,,,
18885886,5161100819,,1313521,92569,92578,5161100819,CĂLĂRAŞI,,,,"""SCOALA POSTLICEALA SANITARA """"POMPEI SAMARIAN"""" CALARASI""",SCOALA POSTLICEALA SANITARA POMPEI SAMARIAN CALARASI,CĂLĂRAŞI,,,
3797379,5161103546,,779900,100610,100629,5161103546,CĂLĂRAŞI,,,100,"""LICEUL TEHNOLOGIC """"ION GHICA"""" OLTENITA""",LICEUL TEHNOLOGIC ION GHICA OLTENITA,OLTENIŢA,Argesului,,
,5162101788,5161103519,,92587,92630,5162101788,CĂLĂRAŞI,,,,SCOALA PRIMARA NR.1 TONEA,SCOALA PRIMARA NR 1 TONEA,TONEA,,,
,5142100266,5141100714,,102419,102428,5142100266,CĂLĂRAŞI,,,,CENTRUL SCOLAR DE ASISTENTA PSIHOPEDAGOGICA SCOALA GIMNAZIALA NR.1 CURCANI,CENTRUL SCOLAR DE ASISTENTA PSIHOPEDAGOGICA SCOALA GIMNAZIALA NR 1 CURCANI,CURCANI,,,
4644772,5161100914,,832025,92569,92578,5161100914,CĂLĂRAŞI,,,,"""COLEGIUL AGRICOL """"SANDU ALDEA"""" CALARASI""",COLEGIUL AGRICOL SANDU ALDEA CALARASI,CĂLĂRAŞI,,,
